{
  "config": {
    "timestamp": "2026-01-31T21:03:55.656524",
    "seed": 42,
    "max_events": 15,
    "models": [
      "openai"
    ],
    "use_live_api": true,
    "generation_modes": [
      "zero_shot",
      "probability_conditioned",
      "scenario_positive",
      "scenario_negative"
    ]
  },
  "events_count": 15,
  "articles_count": 60,
  "evaluations_count": 60,
  "mode_comparison": {
    "scenario_positive": {
      "count": 15,
      "avg_plausibility": 3.1333333333333333,
      "avg_authenticity": 4.133333333333334,
      "avg_calibration": 3.3333333333333335,
      "avg_overall": 3.5333333333333337,
      "std_overall": 1.0095837059200485,
      "avg_word_count": 339.8666666666667,
      "avg_lexical_diversity": 0.6478513234712945
    },
    "scenario_negative": {
      "count": 15,
      "avg_plausibility": 4.2,
      "avg_authenticity": 4.4,
      "avg_calibration": 4.266666666666667,
      "avg_overall": 4.288888888888888,
      "std_overall": 0.5946261404559846,
      "avg_word_count": 336.6,
      "avg_lexical_diversity": 0.6573498132258945
    },
    "zero_shot": {
      "count": 15,
      "avg_plausibility": 3.066666666666667,
      "avg_authenticity": 4.0,
      "avg_calibration": 3.1333333333333333,
      "avg_overall": 3.4,
      "std_overall": 0.9285592184789413,
      "avg_word_count": 341.73333333333335,
      "avg_lexical_diversity": 0.6437644344739183
    },
    "probability_conditioned": {
      "count": 15,
      "avg_plausibility": 4.266666666666667,
      "avg_authenticity": 4.333333333333333,
      "avg_calibration": 5.0,
      "avg_overall": 4.533333333333333,
      "std_overall": 0.3399346342395191,
      "avg_word_count": 330.26666666666665,
      "avg_lexical_diversity": 0.664860299091719
    }
  },
  "calibration": {
    "very_low": {
      "probability_range": "0%-20%",
      "count": 40,
      "avg_confidence_ratio": 0.2942460317460317,
      "avg_calibration_score": 3.675,
      "avg_high_conf_markers": 1.65,
      "avg_low_conf_markers": 2.6
    },
    "high": {
      "probability_range": "60%-80%",
      "count": 8,
      "avg_confidence_ratio": 0.30654761904761907,
      "avg_calibration_score": 3.875,
      "avg_high_conf_markers": 1.75,
      "avg_low_conf_markers": 3.0
    },
    "very_high": {
      "probability_range": "80%-100%",
      "count": 12,
      "avg_confidence_ratio": 0.38611111111111124,
      "avg_calibration_score": 4.833333333333333,
      "avg_high_conf_markers": 1.8333333333333333,
      "avg_low_conf_markers": 1.75
    },
    "overall_correlation": 0.20912454424118734
  },
  "avg_overall_quality": 3.9388888888888887
}